N,P_frac,theta_pct_eixoP
0.941946,0.9987,-0.251
0.953281,0.9987,-0.251
0.964752,0.9987,-0.251
0.976361,0.9987,
0.98811,0.9987,-0.251
1,0.9987,-0.251
1.01203,0.9975,0.000
1.02421,0.9975,0.000
1.03654,0.9975,0.000
1.04901,0.9975,0.000
1.06163,0.9975,0.000
1.07441,0.9937,0.000
1.08734,0.9937,0.000
1.10042,0.9937,0.000
1.11366,0.9937,0.000
1.12706,0.9937,0.000
1.14062,0.9912,0.000
1.15435,0.9899,0.000
1.16824,0.9899,0.000
1.1823,0.9912,0.000
1.19653,0.9899,0.000
1.21092,0.9874,0.000
1.2255,0.9874,0.000
1.24024,0.9874,0.000
1.25517,0.9849,0.000
1.27027,0.9849,0.000
1.28556,0.9849,0.000
1.30103,0.9849,0.000
1.31668,0.9849,0.000
1.33252,0.9824,0.000
1.34856,0.9824,0.000
1.36479,0.9824,0.000
1.38121,0.9824,0.000
1.39783,0.9824,0.000
1.41465,0.9799,0.000
1.43167,0.9786,0.000
1.4489,0.9799,0.000
1.46634,0.9774,0.000
1.48398,0.9749,0.000
1.50184,0.9761,0.000
1.51991,0.9761,0.000
1.5382,0.9761,0.000
1.55671,0.9724,0.000
1.57544,0.9724,0.000
1.5944,0.9724,0.000
1.61359,0.9724,0.000
1.633,0.9724,0.000
1.65265,0.9698,0.000
1.67254,0.9698,0.000
1.69267,0.9698,0.000
1.71303,0.9698,0.000
1.73365,0.9673,0.000
1.75451,0.9673,0.000
1.77562,0.9673,0.000
1.79699,0.9673,0.000
1.81861,0.9648,0.000
1.8405,0.9648,0.000
1.86264,0.9648,0.000
1.88506,0.9648,0.000
1.90774,0.9648,0.000
1.9307,0.9611,0.000
1.95393,0.9598,0.000
1.97744,0.9611,0.000
2.00124,0.9611,0.000
2.02532,0.9585,0.000
2.04969,0.9573,0.000
2.07436,0.9573,0.000
2.09932,0.9573,0.000
2.12458,0.9573,0.000
2.15014,0.9573,0.000
2.17602,0.9573,0.000
2.2022,0.9573,0.000
2.2287,0.9573,0.000
2.25552,0.9573,0.000
2.28266,0.9573,0.000
2.31013,0.9573,0.000
2.33793,0.9573,0.000
2.36606,0.9573,0.000
2.39453,0.9573,0.000
2.42335,0.9585,0.000
2.45251,0.9573,0.000
2.48202,0.9548,0.000
2.51189,0.9548,0.000
2.54211,0.9548,0.000
2.5727,0.9548,0.000
2.60366,0.9548,0.000
2.63499,0.9548,0.000
2.6667,0.9548,0.000
2.69879,0.9548,0.000
2.73126,0.9548,0.000
2.76413,0.9548,0.000
2.79739,0.9548,0.000
2.83105,0.9548,0.000
2.86512,0.9548,0.000
2.8996,0.9548,0.000
2.93449,0.9548,0.000
2.9698,0.9548,0.000
3.00554,0.9535,0.000
3.0417,0.9523,0.000
3.07831,0.9523,0.000
3.11535,0.9523,0.000
3.15284,0.9523,0.000
3.19077,0.9523,0.000
3.22917,0.9523,0.000
3.26803,0.9523,0.000
3.30735,0.9523,0.000
3.34715,0.9523,0.000
3.38743,0.9523,0.000
3.42819,0.9523,0.000
3.46944,0.9523,0.000
3.51119,0.9485,0.000
3.55344,0.9485,0.000
3.5962,0.9497,0.000
3.63948,0.9497,0.000
3.68327,0.9497,0.000
3.72759,0.9497,0.000
3.77245,0.9497,0.000
3.81784,0.9497,0.000
3.86379,0.9497,0.000
3.91028,0.9497,0.000
3.95733,0.9497,0.000
4.00495,0.9485,0.000
4.05315,0.9460,0.000
4.10192,0.9460,0.000
4.15128,0.9460,0.000
4.20123,0.9460,0.000
4.25179,0.9460,0.000
4.30295,0.9460,0.000
4.35473,0.9460,0.000
4.40713,0.9460,0.000
4.46016,0.9460,0.000
4.51383,0.9447,0.000
4.56815,0.9422,0.000
4.62312,0.9422,0.000
4.67875,0.9422,0.000
4.73505,0.9422,0.000
4.79203,0.9422,0.000
4.84969,0.9422,0.000
4.90805,0.9422,0.000
4.96711,0.9422,0.000
5.02688,0.9422,0.000
5.08737,0.9397,0.000
5.14859,0.9397,0.000
5.21054,0.9397,0.000
5.27324,0.9397,0.000
5.3367,0.9397,0.000
5.40092,0.9397,0.000
5.46591,0.9397,0.000
5.53168,0.9397,0.000
5.59825,0.9397,0.000
5.66561,0.9397,0.000
5.73379,0.9397,0.000
5.80278,0.9397,0.000
5.87261,0.9397,0.000
5.94328,0.9397,0.000
6.01479,0.9372,0.251
6.08717,0.9372,0.251
6.16042,0.9372,0.251
6.23455,0.9372,0.251
6.30957,0.9372,0.251
6.3855,0.9372,0.251
6.46234,0.9372,0.251
6.5401,0.9372,0.251
6.6188,0.9372,0.251
6.69845,0.9372,0.251
6.77905,0.9372,0.251
6.86062,0.9372,0.251
6.94318,0.9372,0.251
7.02673,0.9372,0.251
7.11128,0.9334,0.251
7.19686,0.9334,0.251
7.28346,0.9347,0.251
7.3711,0.9347,0.251
7.4598,0.9347,0.251
7.54957,0.9347,0.251
7.64041,0.9347,0.251
7.73235,0.9347,0.251
7.8254,0.9347,0.251
7.91956,0.9347,0.251
8.01486,0.9334,0.251
8.11131,0.9296,0.251
8.20891,0.9296,0.251
8.30769,0.9296,0.251
8.40766,0.9296,0.251
8.50884,0.9296,0.251
8.61122,0.9296,0.251
8.71485,0.9296,0.251
8.81971,0.9296,0.251
8.92585,0.9296,0.251
9.03325,0.9309,0.251
9.14195,0.9296,0.251
9.25196,0.9271,0.251
9.36329,0.9271,0.251
9.47596,0.9271,0.251
9.58999,0.9271,0.251
9.70539,0.9271,0.251
9.82218,0.9271,0.251
9.94037,0.9271,0.251
10.06,0.9271,0.251
10.181,0.9271,0.251
10.3036,0.9271,0.251
10.4275,0.9271,0.251
10.553,0.9271,0.251
10.68,0.9271,0.251
10.8085,0.9271,0.251
10.9386,0.9271,0.251
11.0702,0.9246,0.251
11.2034,0.9246,0.251
11.3382,0.9246,0.251
11.4747,0.9246,0.251
11.6127,0.9246,0.251
11.7525,0.9246,0.251
11.8939,0.9246,0.251
12.037,0.9246,0.251
12.1819,0.9246,0.251
12.3285,0.9246,0.251
12.4768,0.9246,0.251
12.627,0.9246,0.251
12.7789,0.9246,0.251
12.9327,0.9246,0.251
13.0883,0.9221,0.251
13.2458,0.9209,0.251
13.4052,0.9221,0.251
13.5665,0.9221,0.251
13.7297,0.9221,0.251
13.895,0.9221,0.251
14.0622,0.9221,0.251
14.2314,0.9221,0.251
14.4026,0.9221,0.251
14.5759,0.9221,0.251
14.7513,0.9221,0.251
14.9288,0.9221,0.251
15.1085,0.9221,0.251
15.2903,0.9221,0.251
15.4743,0.9221,0.251
15.6605,0.9221,0.251
15.8489,0.9221,0.251
16.0396,0.9209,0.251
16.2327,0.9183,0.251
16.428,0.9183,0.251
16.6257,0.9183,0.251
16.8257,0.9183,0.251
17.0282,0.9183,0.251
17.2331,0.9183,0.251
17.4405,0.9183,0.251
17.6503,0.9183,0.251
17.8627,0.9183,0.251
18.0777,0.9183,0.251
18.2952,0.9183,0.251
18.5154,0.9183,0.251
18.7382,0.9183,0.251
18.9637,0.9183,0.251
19.1919,0.9183,0.251
19.4228,0.9183,0.251
19.6565,0.9183,0.251
19.893,0.9183,0.251
20.1324,0.9183,0.251
20.3747,0.9146,0.251
20.6199,0.9146,0.251
20.868,0.9146,0.251
21.1191,0.9146,0.251
21.3732,0.9146,0.251
21.6304,0.9146,0.251
21.8907,0.9146,0.251
22.1541,0.9146,0.251
22.4207,0.9146,0.251
22.6905,0.9146,0.251
22.9635,0.9146,0.251
23.2399,0.9146,0.251
23.5195,0.9146,0.251
23.8025,0.9146,0.251
24.089,0.9146,0.251
24.3788,0.9146,0.251
24.6722,0.9158,0.251
24.9691,0.9146,0.251
25.2695,0.9121,0.251
25.5736,0.9121,0.251
25.8814,0.9121,0.251
26.1928,0.9121,0.251
26.508,0.9121,0.251
26.827,0.9121,0.251
27.1498,0.9121,0.251
27.4765,0.9121,0.251
27.8071,0.9121,0.251
28.1417,0.9121,0.251
28.4804,0.9121,0.251
28.8231,0.9121,0.251
29.1699,0.9121,0.251
29.5209,0.9121,0.251
29.8762,0.9121,0.251
30.2357,0.9121,0.251
30.5995,0.9121,0.251
30.9677,0.9121,0.251
31.3404,0.9095,0.377
31.7175,0.9095,0.503
32.0991,0.9095,0.503
32.4854,0.9095,0.503
32.8763,0.9095,0.503
33.2719,0.9095,0.503
33.6723,0.9095,0.503
34.0775,0.9095,0.503
34.4875,0.9095,0.503
34.9025,0.9095,0.503
35.3225,0.9095,0.503
35.7476,0.9095,0.503
36.1778,0.9095,0.503
36.6131,0.9095,0.503
37.0537,0.9095,0.503
37.4995,0.9095,0.503
37.9508,0.9095,0.503
38.4075,0.9095,0.503
38.8696,0.9095,0.503
39.3374,0.9083,0.503
39.8107,0.9070,0.503
40.2898,0.9058,0.503
40.7746,0.9058,0.503
41.2652,0.9070,0.503
41.7618,0.9070,0.503
42.2643,0.9070,0.503
42.7729,0.9070,0.503
43.2876,0.9070,0.503
43.8085,0.9070,0.503
44.3357,0.9070,0.503
44.8692,0.9070,0.503
45.4091,0.9070,0.503
45.9555,0.9070,0.503
46.5085,0.9070,0.503
47.0682,0.9070,0.503
47.6346,0.9070,0.503
48.2078,0.9070,0.503
48.7879,0.9070,0.503
49.3749,0.9058,0.503
49.9691,0.9045,0.503
50.5704,0.9020,0.503
51.1789,0.9008,0.503
51.7947,0.9020,0.503
52.418,0.9033,0.503
53.0488,0.9033,0.503
53.6871,0.9033,0.503
54.3332,0.9033,0.503
54.987,0.9033,0.503
55.6486,0.9033,0.503
56.3183,0.9033,0.503
56.996,0.9033,0.503
57.6818,0.9033,0.503
58.3759,0.9033,0.503
59.0784,0.9033,0.503
59.7893,0.9033,0.503
60.5088,0.9033,0.503
61.2369,0.9020,0.503
61.9738,0.9008,0.503
62.7195,0.9020,0.503
63.4742,0.8995,0.503
64.238,0.8995,0.503
65.011,0.8995,0.503
65.7933,0.8995,0.503
66.585,0.8995,0.503
67.3863,0.8995,0.503
68.1972,0.8995,0.503
69.0178,0.8995,0.503
69.8483,0.8995,0.503
70.6888,0.8995,0.503
71.5394,0.8995,0.503
72.4003,0.8995,0.503
73.2715,0.8995,0.503
74.1532,0.8995,0.503
75.0455,0.8995,0.503
75.9485,0.8982,0.503
76.8625,0.8982,0.503
77.7874,0.8957,0.503
78.7234,0.8970,0.503
79.6707,0.8970,0.503
80.6294,0.8970,0.503
81.5997,0.8970,0.503
82.5816,0.8970,0.503
83.5753,0.8970,0.503
84.581,0.8970,0.503
85.5988,0.8970,0.503
86.6288,0.8970,0.503
87.6712,0.8970,0.503
88.7262,0.8970,0.503
89.7939,0.8970,0.503
90.8744,0.8970,0.503
91.9679,0.8957,0.503
93.0746,0.8957,0.503
94.1946,0.8945,0.503
95.3281,0.8920,0.503
96.4752,0.8932,0.503
97.6361,0.8945,0.503
98.811,0.8945,0.503
100,0.8945,0.503
101.203,0.8945,0.503
102.421,0.8945,0.503
103.654,0.8945,0.503
104.901,0.8945,0.503
106.163,0.8945,0.503
107.441,0.8945,0.503
108.734,0.8945,0.503
110.042,0.8945,0.503
111.366,0.8945,0.503
112.706,0.8945,0.503
114.062,0.8945,0.503
115.435,0.8945,0.503
116.824,0.8932,0.503
118.23,0.8932,0.503
119.653,0.8920,0.503
121.092,0.8907,0.503
122.55,0.8894,0.503
124.024,0.8907,0.503
125.517,0.8920,0.503
127.027,0.8920,0.503
128.556,0.8920,0.754
130.103,0.8920,0.503
131.668,0.8920,0.628
133.252,0.8920,0.754
134.856,0.8907,0.628
136.479,0.8894,0.879
138.121,0.8894,0.879
139.783,0.8869,0.879
141.465,0.8869,0.879
143.167,0.8869,0.879
144.89,0.8869,0.879
146.634,0.8869,0.879
148.398,0.8869,0.879
150.184,0.8869,0.879
151.991,0.8869,0.879
153.82,0.8869,0.879
155.671,0.8869,0.879
157.544,0.8869,0.879
167.254,0.8857,0.879
169.267,0.8844,0.879
171.303,0.8857,0.879
173.365,0.8832,0.879
175.451,0.8832,0.879
177.562,0.8844,0.879
179.699,0.8819,0.879
181.861,0.8807,0.879
184.05,0.8794,0.879
186.264,0.8769,0.879
188.506,0.8756,0.879
190.774,0.8744,0.879
193.07,0.8719,0.879
195.393,0.8719,0.879
197.744,0.8681,0.879
200.124,0.8668,0.879
202.532,0.8643,0.879
204.969,0.8606,0.879
207.436,0.8568,0.879
209.932,0.8518,1.005
212.458,0.8480,1.131
215.014,0.8430,1.005
217.602,0.8392,1.131
220.22,0.8354,1.256
222.87,0.8317,1.256
225.552,0.8254,1.256
228.266,0.8216,1.256
231.013,0.8178,1.256
233.793,0.8128,1.256
236.606,0.8103,1.256
239.453,0.8065,1.256
242.335,0.8040,1.256
245.251,0.7977,1.256
248.202,0.7940,1.256
251.189,0.7915,1.256
254.211,0.7889,1.382
257.27,0.7852,1.508
260.366,0.7789,1.508
263.499,0.7751,1.508
266.67,0.7701,1.508
269.879,0.7688,1.508
273.126,0.7663,1.508
276.413,0.7626,1.508
279.739,0.7550,1.508
283.105,0.7525,1.508
286.512,0.7487,1.508
289.96,0.7462,1.633
293.449,0.7425,1.759
296.98,0.7399,1.759
300.554,0.7387,1.759
304.17,0.7374,1.759
307.831,0.7362,1.759
311.535,0.7349,1.884
315.284,0.7324,1.884
319.077,0.7312,1.884
322.917,0.7274,2.010
326.803,0.6960,2.136
330.735,0.6947,2.261
334.715,0.6910,2.261
338.743,0.6847,2.387
342.819,0.6784,2.638
346.944,0.6709,2.889
351.119,0.6658,3.015
355.344,0.6583,3.266
359.62,0.6545,3.518
363.948,0.6520,3.643
368.327,0.6445,3.894
372.759,0.6394,4.146
377.245,0.6332,4.271
381.784,0.6307,4.397
386.379,0.6231,4.774
391.028,0.6206,4.899
395.733,0.6168,5.151
400.495,0.6118,5.276
405.315,0.6080,5.653
410.192,0.6030,5.779
415.128,0.5992,5.779
420.123,0.5967,5.905
425.179,0.5930,6.156
430.295,0.5905,6.281
435.473,0.5867,6.407
440.713,0.5842,6.533
446.016,0.5817,6.658
451.383,0.5804,6.784
456.815,0.5779,6.910
462.312,0.5754,7.035
467.875,0.5741,7.161
473.505,0.5716,7.161
479.203,0.5704,7.161
484.969,0.5691,7.286
490.805,0.5678,7.286
496.711,0.5653,7.412
502.688,0.5653,7.412
508.737,0.5628,7.412
514.859,0.5628,7.663
521.054,0.5578,7.789
527.324,0.5565,7.663
533.67,0.5528,7.915
540.092,0.5528,8.040
546.591,0.5515,8.040
553.168,0.5503,8.166
559.825,0.5477,8.291
566.561,0.5465,8.417
573.379,0.5440,8.417
580.278,0.5427,8.417
587.261,0.5427,8.543
594.328,0.5402,8.668
601.479,0.5389,8.668
608.717,0.5377,8.920
616.042,0.5352,8.920
623.455,0.5339,9.045
630.957,0.5327,9.171
638.55,0.5314,9.296
646.234,0.5302,9.171
654.01,0.5289,9.422
661.88,0.5276,9.673
669.845,0.5276,9.548
677.905,0.5264,9.673
686.062,0.5264,9.799
694.318,0.5239,9.925
702.673,0.5214,9.925
711.128,0.5214,10.176
719.686,0.5188,10.176
728.346,0.5188,10.302
737.11,0.5188,10.302
745.98,0.5151,10.427
754.957,0.5151,10.427
764.041,0.5126,10.678
773.235,0.5138,10.678
782.54,0.5126,10.804
791.956,0.5101,10.930
801.486,0.5088,11.055
811.131,0.5063,11.181
820.891,0.5050,11.181
830.769,0.5038,11.307
840.766,0.5038,11.432
850.884,0.5013,11.307
861.122,0.5013,11.432
871.485,0.4975,11.432
881.971,0.4962,11.683
892.585,0.4962,11.683
903.325,0.4962,11.809
914.195,0.4950,11.809
925.196,0.4937,11.809
936.329,0.4912,11.935
947.596,0.4899,11.935
958.999,0.4899,12.060
970.539,0.4887,12.060
982.218,0.4887,12.060
994.037,0.4874,12.060
1006,0.4849,12.186
1018.1,0.4824,12.186
1030.36,0.4824,12.186
1042.75,0.4824,12.437
1055.3,0.4799,12.563
1068,0.4786,12.563
1080.85,0.4786,12.563
1093.86,0.4774,12.688
1107.02,0.4761,12.688
1120.34,0.4761,12.814
1133.82,0.4736,12.814
1147.47,0.4724,12.940
1161.27,0.4711,13.065
1175.25,0.4673,13.191
1189.39,0.4661,13.191
1203.7,0.4661,13.191
1218.19,0.4623,13.317
1232.85,0.4598,13.317
1247.68,0.4598,13.317
1262.7,0.4573,13.442
1277.89,0.4560,13.442
1293.27,0.4560,13.442
1308.83,0.4560,13.568
1324.58,0.4548,13.568
1340.52,0.4535,13.693
1356.65,0.4523,13.693
1372.97,0.4535,13.819
1389.5,0.4523,13.945
1406.22,0.4510,13.945
1423.14,0.4497,14.070
1440.26,0.4485,14.196
1457.59,0.4497,14.322
1475.13,0.4497,14.447
1492.88,0.4497,14.447
1510.85,0.4472,14.573
1529.03,0.4460,14.573
1547.43,0.4447,14.698
1566.05,0.4447,14.698
1584.89,0.4410,14.824
1603.96,0.4410,14.950
1623.27,0.4397,14.950
1642.8,0.4384,15.075
1662.57,0.4372,15.201
1682.57,0.4347,15.201
1702.82,0.4322,15.201
1723.31,0.4296,15.452
1744.05,0.4296,15.452
1765.03,0.4271,15.704
1786.27,0.4259,15.578
1807.77,0.4234,15.704
1829.52,0.4221,15.829
1851.54,0.4234,15.829
1873.82,0.4234,15.955
1896.37,0.4221,15.955
1919.19,0.4221,15.955
1942.28,0.4196,16.080
1965.65,0.4196,16.080
1989.3,0.4171,16.080
2013.24,0.4158,16.080
2037.47,0.4158,16.080
2061.99,0.4146,16.206
2086.8,0.4146,16.206
2111.91,0.4133,16.332
2137.32,0.4133,16.332
2163.04,0.4095,16.332
2189.07,0.4108,16.332
2215.41,0.4083,16.332
2242.07,0.4070,16.332
2269.05,0.4070,16.332
2296.35,0.4033,16.332
2323.99,0.4045,16.332
2351.95,0.4033,16.332
2380.25,0.4008,16.332
2408.9,0.4008,16.332
2437.88,0.4008,16.332
2467.22,0.3995,16.332
2496.91,0.3982,16.332
2526.95,0.3970,16.332
2557.36,0.3970,16.332
2588.14,0.3957,16.332
2619.28,0.3957,16.332
2650.8,0.3932,16.332
2682.7,0.3907,16.457
2714.98,0.3920,16.457
2747.65,0.3920,16.457
2780.71,0.3920,16.457
2814.17,0.3907,16.457
2848.04,0.3894,16.457
2882.31,0.3882,16.583
2916.99,0.3882,16.583
2952.09,0.3869,16.583
2987.62,0.3869,16.583
3023.57,0.3857,16.583
3059.95,0.3857,16.583
3096.77,0.3869,16.583
3134.04,0.3857,16.583
3171.75,0.3857,16.583
3209.91,0.3857,16.583
3248.54,0.3857,16.583
3287.63,0.3832,16.583
3327.19,0.3832,16.583
3367.23,0.3819,16.583
3407.75,0.3807,16.583
3448.75,0.3807,16.583
3490.25,0.3794,16.583
3532.25,0.3781,16.583
3574.76,0.3781,16.583
3617.78,0.3769,16.583
3661.31,0.3756,16.457
3705.37,0.3769,16.457
3749.95,0.3744,16.332
3795.08,0.3731,16.332
3840.75,0.3731,16.332
3886.96,0.3731,16.332
3933.74,0.3719,16.332
3981.07,0.3719,16.332
4028.98,0.3706,16.332
4077.46,0.3706,16.332
4126.52,0.3706,16.332
4176.18,0.3706,16.332
4226.43,0.3693,16.332
4277.29,0.3681,16.332
4328.76,0.3681,16.332
4380.85,0.3681,16.332
4433.57,0.3681,16.332
4486.92,0.3656,16.332
4540.91,0.3668,16.332
4595.55,0.3681,16.332
4650.85,0.3668,16.332
4706.82,0.3668,16.332
4763.46,0.3681,16.332
4820.78,0.3681,16.332
4878.79,0.3668,16.332
4937.49,0.3668,16.332
4996.91,0.3656,16.332
5057.04,0.3656,16.332
5117.89,0.3643,16.332
5179.47,0.3643,16.332
5241.8,0.3631,16.332
5304.88,0.3631,16.332
5368.71,0.3618,16.332
5433.32,0.3593,16.332
5498.7,0.3606,16.332
5564.86,0.3593,16.332
5631.83,0.3580,16.332
5699.6,0.3580,16.332
5768.18,0.3568,16.332
5837.59,0.3555,16.332
5907.84,0.3555,16.332
5978.93,0.3543,16.332
6050.88,0.3530,16.332
6123.69,0.3530,16.332
6197.38,0.3530,16.332
6271.95,0.3505,16.332
6347.42,0.3505,16.332
6423.8,0.3505,16.332
6501.1,0.3492,16.332
6579.33,0.3492,16.332
6658.5,0.3492,16.457
6738.63,0.3480,16.457
6819.72,0.3480,16.583
6901.78,0.3467,16.583
6984.83,0.3467,16.583
7068.88,0.3455,16.583
7153.94,0.3455,16.583
7240.03,0.3430,16.583
7327.15,0.3430,16.583
7415.32,0.3417,16.583
7504.55,0.3417,16.583
7594.85,0.3405,16.583
7686.25,0.3417,16.583
7778.74,0.3405,16.709
7872.34,0.3405,16.834
7967.07,0.3392,16.834
8062.94,0.3379,16.960
8159.97,0.3367,16.960
8258.16,0.3367,16.960
8357.53,0.3367,16.960
8458.1,0.3354,16.960
8559.88,0.3329,16.960
8662.88,0.3317,16.960
8767.12,0.3304,16.960
8872.62,0.3304,16.960
8979.39,0.3304,17.085
9087.44,0.3304,17.211
9196.79,0.3304,17.085
9307.46,0.3291,17.211
9419.46,0.3291,17.211
9532.81,0.3279,17.211
9647.52,0.3266,17.211
9763.61,0.3254,17.211
9881.1,0.3241,17.337
10000,0.3241,17.462
10120.3,0.3229,17.462
10242.1,0.3216,17.588
10365.4,0.3204,17.714
10490.1,0.3191,17.714
10616.3,0.3178,17.714
10744.1,0.3166,17.714
10873.4,0.3153,17.839
11004.2,0.3153,17.839
11136.6,0.3128,17.965
11270.6,0.3116,17.965
11406.2,0.3116,17.965
11543.5,0.3103,18.090
11682.4,0.3078,18.342
11823,0.3065,18.216
11965.3,0.3053,18.342
12109.2,0.3028,18.593
12255,0.3015,18.593
12402.4,0.3015,18.844
12551.7,0.2965,18.970
12702.7,0.2952,19.221
12855.6,0.2927,19.347
13010.3,0.2915,19.598
13166.8,0.2889,19.724
13325.2,0.2864,20.101
13485.6,0.2839,20.352
13647.9,0.2789,20.854
13812.1,0.2726,21.482
13978.3,0.2701,21.734
14146.5,0.2651,21.985
14316.7,0.2475,24.749
14489,0.2462,24.623
14663.4,0.2425,24.246
14839.8,0.1809,29.146
15018.4,0.1784,29.397
15199.1,,34.673
15567.1,0.0829,52.513
15944,0.0553,66.080
16135.9,0.0427,
16725.4,0.0276,71.357
16926.7,0.0666,68.593
17130.3,0.0528,71.106
17336.5,0.0465,71.106
17545.1,0.0452,71.106
17756.2,0.0364,71.106
17969.9,0.0314,71.231
18186.1,0.0276,71.231
18405,0.0264,71.231
18626.4,0.0251,71.231
18850.6,0.0276,71.231
19077.4,0.0251,71.231
19307,0.0251,71.357
19539.3,0.0251,71.357
19774.4,0.0251,71.357
20012.4,0.0264,71.357
20253.2,,71.357
20496.9,,71.357
21501.4,-0.0025,75.000
