cycle,mu_plate
2,0.0778
35,0.1039
68,0.1143
103,0.1172
136,0.1094
171,0.1232
204,0.1143
237,0.1133
272,0.1163
305,0.1153
340,0.1291
373,0.1291
408,0.1192
441,0.1281
474,0.1212
509,0.1271
542,0.1300
577,0.1296
610,0.1296
645,0.1310
678,0.1310
710,0.1305
746,0.1310
778,0.1291
814,0.1320
846,0.1305
882,0.1227
914,0.1310
947,0.1310
982,0.1217
1015,0.1330
1050,0.1256
1083,0.1271
1116,0.1325
1151,0.1340
1184,0.1227
1219,0.1325
1252,0.1320
1287,0.1325
1320,0.1330
1353,0.1320
1388,0.1310
1421,0.1325
1456,0.1325
1489,0.1325
1524,0.1330
1557,0.1325
1590,0.1325
1625,0.1236
1658,0.1315
1693,0.1350
1726,0.1315
1761,0.1330
1794,0.1222
1826,0.1256
1862,0.1256
1894,0.1345
1930,0.1345
1962,0.1261
1998,0.1345
